{
    "loss": 0.7535146474838257,
    "accuracy": 0.9137930870056152
}