{
    "loss": 0.6832720041275024,
    "accuracy": 0.9482758641242981
}